[
    {
        "type": "title"
    },
    {
        "type": "group",
        "name": "Thể loại",
        "filters": [
            {
                "type": "genre",
                "name": "3D Hentai",
                "id": "3",
                "canExclude": false
            },
            {
                "type": "genre",
                "name": "Action",
                "id": "5",
                "canExclude": false
            },
            {
                "type": "genre",
                "name": "Adult",
                "id": "116",
                "canExclude": false
            },
            {
                "type": "genre",
                "name": "Adventure",
                "id": "203",
                "canExclude": false
            },
            {
                "type": "genre",
                "name": "Ahegao",
                "id": "20",
                "canExclude": false
            },
            {
                "type": "genre",
                "name": "Anal",
                "id": "21",
                "canExclude": false
            },
            {
                "type": "genre",
                "name": "Angel",
                "id": "249",
                "canExclude": false
            },
            {
                "type": "genre",
                "name": "Ảnh động",
                "id": "131",
                "canExclude": false
            },
            {
                "type": "genre",
                "name": "Animal",
                "id": "127",
                "canExclude": false
            },
            {
                "type": "genre",
                "name": "Animal girl",
                "id": "22",
                "canExclude": false
            },
            {
                "type": "genre",
                "name": "Áo Dài",
                "id": "279",
                "canExclude": false
            },
            {
                "type": "genre",
                "name": "Apron",
                "id": "277",
                "canExclude": false
            },
            {
                "type": "genre",
                "name": "Artist CG",
                "id": "115",
                "canExclude": false
            },
            {
                "type": "genre",
                "name": "Based Game",
                "id": "130",
                "canExclude": false
            },
            {
                "type": "genre",
                "name": "BBM",
                "id": "257",
                "canExclude": false
            },
            {
                "type": "genre",
                "name": "BBW",
                "id": "251",
                "canExclude": false
            },
            {
                "type": "genre",
                "name": "BDSM",
                "id": "24",
                "canExclude": false
            },
            {
                "type": "genre",
                "name": "Bestiality",
                "id": "25",
                "canExclude": false
            },
            {
                "type": "genre",
                "name": "Big Ass",
                "id": "133",
                "canExclude": false
            },
            {
                "type": "genre",
                "name": "Big Boobs",
                "id": "23",
                "canExclude": false
            },
            {
                "type": "genre",
                "name": "Big Penis",
                "id": "32",
                "canExclude": false
            },
            {
                "type": "genre",
                "name": "Blackmail",
                "id": "267",
                "canExclude": false
            },
            {
                "type": "genre",
                "name": "Bloomers",
                "id": "27",
                "canExclude": false
            },
            {
                "type": "genre",
                "name": "BlowJobs",
                "id": "28",
                "canExclude": false
            },
            {
                "type": "genre",
                "name": "Body Swap",
                "id": "29",
                "canExclude": false
            },
            {
                "type": "genre",
                "name": "Bodysuit",
                "id": "30",
                "canExclude": false
            },
            {
                "type": "genre",
                "name": "Bondage",
                "id": "254",
                "canExclude": false
            },
            {
                "type": "genre",
                "name": "Breast Sucking",
                "id": "33",
                "canExclude": false
            },
            {
                "type": "genre",
                "name": "BreastJobs",
                "id": "248",
                "canExclude": false
            },
            {
                "type": "genre",
                "name": "Brocon",
                "id": "31",
                "canExclude": false
            },
            {
                "type": "genre",
                "name": "Brother",
                "id": "242",
                "canExclude": false
            },
            {
                "type": "genre",
                "name": "Business Suit",
                "id": "241",
                "canExclude": false
            },
            {
                "type": "genre",
                "name": "Catgirls",
                "id": "39",
                "canExclude": false
            },
            {
                "type": "genre",
                "name": "Che ít",
                "id": "101",
                "canExclude": false
            },
            {
                "type": "genre",
                "name": "Che nhiều",
                "id": "129",
                "canExclude": false
            },
            {
                "type": "genre",
                "name": "Cheating",
                "id": "34",
                "canExclude": false
            },
            {
                "type": "genre",
                "name": "Chikan",
                "id": "35",
                "canExclude": false
            },
            {
                "type": "genre",
                "name": "Chinese Dress",
                "id": "271",
                "canExclude": false
            },
            {
                "type": "genre",
                "name": "Có che",
                "id": "100",
                "canExclude": false
            },
            {
                "type": "genre",
                "name": "Comedy",
                "id": "36",
                "canExclude": false
            },
            {
                "type": "genre",
                "name": "Comic",
                "id": "120",
                "canExclude": false
            },
            {
                "type": "genre",
                "name": "Condom",
                "id": "210",
                "canExclude": false
            },
            {
                "type": "genre",
                "name": "Cosplay",
                "id": "38",
                "canExclude": false
            },
            {
                "type": "genre",
                "name": "Cousin",
                "id": "2",
                "canExclude": false
            },
            {
                "type": "genre",
                "name": "Crotch Tattoo",
                "id": "275",
                "canExclude": false
            },
            {
                "type": "genre",
                "name": "Cunnilingus",
                "id": "269",
                "canExclude": false
            },
            {
                "type": "genre",
                "name": "Dark Skin",
                "id": "40",
                "canExclude": false
            },
            {
                "type": "genre",
                "name": "Daughter",
                "id": "262",
                "canExclude": false
            },
            {
                "type": "genre",
                "name": "Deepthroat",
                "id": "268",
                "canExclude": false
            },
            {
                "type": "genre",
                "name": "Demon",
                "id": "132",
                "canExclude": false
            },
            {
                "type": "genre",
                "name": "DemonGirl",
                "id": "212",
                "canExclude": false
            },
            {
                "type": "genre",
                "name": "Devil",
                "id": "104",
                "canExclude": false
            },
            {
                "type": "genre",
                "name": "DevilGirl",
                "id": "105",
                "canExclude": false
            },
            {
                "type": "genre",
                "name": "Dirty",
                "id": "253",
                "canExclude": false
            },
            {
                "type": "genre",
                "name": "Dirty Old Man",
                "id": "41",
                "canExclude": false
            },
            {
                "type": "genre",
                "name": "DogGirl",
                "id": "260",
                "canExclude": false
            },
            {
                "type": "genre",
                "name": "Double Penetration",
                "id": "42",
                "canExclude": false
            },
            {
                "type": "genre",
                "name": "Doujinshi",
                "id": "44",
                "canExclude": false
            },
            {
                "type": "genre",
                "name": "Drama",
                "id": "4",
                "canExclude": false
            },
            {
                "type": "genre",
                "name": "Drug",
                "id": "43",
                "canExclude": false
            },
            {
                "type": "genre",
                "name": "Ecchi",
                "id": "45",
                "canExclude": false
            },
            {
                "type": "genre",
                "name": "Elder Sister",
                "id": "245",
                "canExclude": false
            },
            {
                "type": "genre",
                "name": "Elf",
                "id": "125",
                "canExclude": false
            },
            {
                "type": "genre",
                "name": "Exhibitionism",
                "id": "46",
                "canExclude": false
            },
            {
                "type": "genre",
                "name": "Fantasy",
                "id": "123",
                "canExclude": false
            },
            {
                "type": "genre",
                "name": "Father",
                "id": "243",
                "canExclude": false
            },
            {
                "type": "genre",
                "name": "Femdom",
                "id": "47",
                "canExclude": false
            },
            {
                "type": "genre",
                "name": "Fingering",
                "id": "48",
                "canExclude": false
            },
            {
                "type": "genre",
                "name": "Footjob",
                "id": "108",
                "canExclude": false
            },
            {
                "type": "genre",
                "name": "Foxgirls",
                "id": "259",
                "canExclude": false
            },
            {
                "type": "genre",
                "name": "Full Color",
                "id": "37",
                "canExclude": false
            },
            {
                "type": "genre",
                "name": "Furry",
                "id": "202",
                "canExclude": false
            },
            {
                "type": "genre",
                "name": "Futanari",
                "id": "50",
                "canExclude": false
            },
            {
                "type": "genre",
                "name": "GangBang",
                "id": "51",
                "canExclude": false
            },
            {
                "type": "genre",
                "name": "Garter Belts",
                "id": "206",
                "canExclude": false
            },
            {
                "type": "genre",
                "name": "Gender Bender",
                "id": "52",
                "canExclude": false
            },
            {
                "type": "genre",
                "name": "Ghost",
                "id": "106",
                "canExclude": false
            },
            {
                "type": "genre",
                "name": "Glasses",
                "id": "56",
                "canExclude": false
            },
            {
                "type": "genre",
                "name": "Gothic Lolita",
                "id": "264",
                "canExclude": false
            },
            {
                "type": "genre",
                "name": "Group",
                "id": "53",
                "canExclude": false
            },
            {
                "type": "genre",
                "name": "Guro",
                "id": "55",
                "canExclude": false
            },
            {
                "type": "genre",
                "name": "Hairy",
                "id": "247",
                "canExclude": false
            },
            {
                "type": "genre",
                "name": "Handjob",
                "id": "57",
                "canExclude": false
            },
            {
                "type": "genre",
                "name": "Harem",
                "id": "58",
                "canExclude": false
            },
            {
                "type": "genre",
                "name": "HentaiVN",
                "id": "102",
                "canExclude": false
            },
            {
                "type": "genre",
                "name": "Historical",
                "id": "80",
                "canExclude": false
            },
            {
                "type": "genre",
                "name": "Horror",
                "id": "122",
                "canExclude": false
            },
            {
                "type": "genre",
                "name": "Housewife",
                "id": "59",
                "canExclude": false
            },
            {
                "type": "genre",
                "name": "Humiliation",
                "id": "60",
                "canExclude": false
            },
            {
                "type": "genre",
                "name": "Idol",
                "id": "61",
                "canExclude": false
            },
            {
                "type": "genre",
                "name": "Imouto",
                "id": "244",
                "canExclude": false
            },
            {
                "type": "genre",
                "name": "Incest",
                "id": "62",
                "canExclude": false
            },
            {
                "type": "genre",
                "name": "Insect (Côn Trùng)",
                "id": "26",
                "canExclude": false
            },
            {
                "type": "genre",
                "name": "Isekai",
                "id": "280",
                "canExclude": false
            },
            {
                "type": "genre",
                "name": "Không che",
                "id": "99",
                "canExclude": false
            },
            {
                "type": "genre",
                "name": "Kimono",
                "id": "110",
                "canExclude": false
            },
            {
                "type": "genre",
                "name": "Kuudere",
                "id": "265",
                "canExclude": false
            },
            {
                "type": "genre",
                "name": "Lolicon",
                "id": "63",
                "canExclude": false
            },
            {
                "type": "genre",
                "name": "Maids",
                "id": "64",
                "canExclude": false
            },
            {
                "type": "genre",
                "name": "Manhua",
                "id": "273",
                "canExclude": false
            },
            {
                "type": "genre",
                "name": "Manhwa",
                "id": "114",
                "canExclude": false
            },
            {
                "type": "genre",
                "name": "Masturbation",
                "id": "65",
                "canExclude": false
            },
            {
                "type": "genre",
                "name": "Mature",
                "id": "119",
                "canExclude": false
            },
            {
                "type": "genre",
                "name": "Miko",
                "id": "124",
                "canExclude": false
            },
            {
                "type": "genre",
                "name": "Milf",
                "id": "126",
                "canExclude": false
            },
            {
                "type": "genre",
                "name": "Mind Break",
                "id": "121",
                "canExclude": false
            },
            {
                "type": "genre",
                "name": "Mind Control",
                "id": "113",
                "canExclude": false
            },
            {
                "type": "genre",
                "name": "Mizugi",
                "id": "263",
                "canExclude": false
            },
            {
                "type": "genre",
                "name": "Monster",
                "id": "66",
                "canExclude": false
            },
            {
                "type": "genre",
                "name": "Monstergirl",
                "id": "67",
                "canExclude": false
            },
            {
                "type": "genre",
                "name": "Mother",
                "id": "103",
                "canExclude": false
            },
            {
                "type": "genre",
                "name": "Nakadashi",
                "id": "205",
                "canExclude": false
            },
            {
                "type": "genre",
                "name": "Netori",
                "id": "1",
                "canExclude": false
            },
            {
                "type": "genre",
                "name": "Non-hen",
                "id": "201",
                "canExclude": false
            },
            {
                "type": "genre",
                "name": "NTR",
                "id": "68",
                "canExclude": false
            },
            {
                "type": "genre",
                "name": "Nun",
                "id": "272",
                "canExclude": false
            },
            {
                "type": "genre",
                "name": "Nurse",
                "id": "69",
                "canExclude": false
            },
            {
                "type": "genre",
                "name": "Old Man",
                "id": "211",
                "canExclude": false
            },
            {
                "type": "genre",
                "name": "Oneshot",
                "id": "71",
                "canExclude": false
            },
            {
                "type": "genre",
                "name": "Oral",
                "id": "70",
                "canExclude": false
            },
            {
                "type": "genre",
                "name": "Osananajimi",
                "id": "209",
                "canExclude": false
            },
            {
                "type": "genre",
                "name": "Paizuri",
                "id": "72",
                "canExclude": false
            },
            {
                "type": "genre",
                "name": "Pantyhose",
                "id": "204",
                "canExclude": false
            },
            {
                "type": "genre",
                "name": "Ponytail",
                "id": "276",
                "canExclude": false
            },
            {
                "type": "genre",
                "name": "Pregnant",
                "id": "73",
                "canExclude": false
            },
            {
                "type": "genre",
                "name": "Rape",
                "id": "98",
                "canExclude": false
            },
            {
                "type": "genre",
                "name": "Rimjob",
                "id": "258",
                "canExclude": false
            },
            {
                "type": "genre",
                "name": "Romance",
                "id": "117",
                "canExclude": false
            },
            {
                "type": "genre",
                "name": "Ryona",
                "id": "207",
                "canExclude": false
            },
            {
                "type": "genre",
                "name": "Scat",
                "id": "134",
                "canExclude": false
            },
            {
                "type": "genre",
                "name": "School Uniform",
                "id": "74",
                "canExclude": false
            },
            {
                "type": "genre",
                "name": "SchoolGirl",
                "id": "75",
                "canExclude": false
            },
            {
                "type": "genre",
                "name": "Series",
                "id": "87",
                "canExclude": false
            },
            {
                "type": "genre",
                "name": "Sex Toys",
                "id": "88",
                "canExclude": false
            },
            {
                "type": "genre",
                "name": "Shimapan",
                "id": "246",
                "canExclude": false
            },
            {
                "type": "genre",
                "name": "Short Hentai",
                "id": "118",
                "canExclude": false
            },
            {
                "type": "genre",
                "name": "Shota",
                "id": "77",
                "canExclude": false
            },
            {
                "type": "genre",
                "name": "Shoujo",
                "id": "76",
                "canExclude": false
            },
            {
                "type": "genre",
                "name": "Siscon",
                "id": "79",
                "canExclude": false
            },
            {
                "type": "genre",
                "name": "Sister",
                "id": "78",
                "canExclude": false
            },
            {
                "type": "genre",
                "name": "Slave",
                "id": "82",
                "canExclude": false
            },
            {
                "type": "genre",
                "name": "Sleeping",
                "id": "213",
                "canExclude": false
            },
            {
                "type": "genre",
                "name": "Small Boobs",
                "id": "84",
                "canExclude": false
            },
            {
                "type": "genre",
                "name": "Son",
                "id": "278",
                "canExclude": false
            },
            {
                "type": "genre",
                "name": "Sports",
                "id": "83",
                "canExclude": false
            },
            {
                "type": "genre",
                "name": "Stockings",
                "id": "81",
                "canExclude": false
            },
            {
                "type": "genre",
                "name": "Supernatural",
                "id": "85",
                "canExclude": false
            },
            {
                "type": "genre",
                "name": "Sweating",
                "id": "250",
                "canExclude": false
            },
            {
                "type": "genre",
                "name": "Swimsuit",
                "id": "86",
                "canExclude": false
            },
            {
                "type": "genre",
                "name": "Tall Girl",
                "id": "266",
                "canExclude": false
            },
            {
                "type": "genre",
                "name": "Teacher",
                "id": "91",
                "canExclude": false
            },
            {
                "type": "genre",
                "name": "Tentacles",
                "id": "89",
                "canExclude": false
            },
            {
                "type": "genre",
                "name": "Time Stop",
                "id": "109",
                "canExclude": false
            },
            {
                "type": "genre",
                "name": "Tomboy",
                "id": "90",
                "canExclude": false
            },
            {
                "type": "genre",
                "name": "Tracksuit",
                "id": "252",
                "canExclude": false
            },
            {
                "type": "genre",
                "name": "Transformation",
                "id": "256",
                "canExclude": false
            },
            {
                "type": "genre",
                "name": "Trap",
                "id": "92",
                "canExclude": false
            },
            {
                "type": "genre",
                "name": "Truyện Việt",
                "id": "274",
                "canExclude": false
            },
            {
                "type": "genre",
                "name": "Tsundere",
                "id": "111",
                "canExclude": false
            },
            {
                "type": "genre",
                "name": "Twins",
                "id": "93",
                "canExclude": false
            },
            {
                "type": "genre",
                "name": "Twintails",
                "id": "261",
                "canExclude": false
            },
            {
                "type": "genre",
                "name": "Vampire",
                "id": "107",
                "canExclude": false
            },
            {
                "type": "genre",
                "name": "Vanilla",
                "id": "208",
                "canExclude": false
            },
            {
                "type": "genre",
                "name": "Virgin",
                "id": "95",
                "canExclude": false
            },
            {
                "type": "genre",
                "name": "Webtoon",
                "id": "270",
                "canExclude": false
            },
            {
                "type": "genre",
                "name": "X-ray",
                "id": "94",
                "canExclude": false
            },
            {
                "type": "genre",
                "name": "Yandere",
                "id": "112",
                "canExclude": false
            },
            {
                "type": "genre",
                "name": "Yaoi",
                "id": "96",
                "canExclude": false
            },
            {
                "type": "genre",
                "name": "Yuri",
                "id": "97",
                "canExclude": false
            },
            {
                "type": "genre",
                "name": "Zombie",
                "id": "128",
                "canExclude": false
            }
        ]
    }
]
