{
	"info": {
		"id": "multi.otakusan",
		"lang": "multi",
		"name": "Otaku Sanctuary",
		"version": 1,
		"url": "https://otakusan.net",
		"nsfw": 2
	},
	"listings": [
		{
			"name": "Cosplay"
		},
		{
			"name": "Wallpaper"
		},
		{
			"name": "Ecchi Land"
		},
		{
			"name": "For Boys"
		},
		{
			"name": "For Girls"
		},
		{
			"name": "New Titles"
		},
		{
			"name": "Completed"
		}
	],
	"languages": [
		{
			"code": "vi", 
			"value": "vn",
			"default": true
		},
		{
			"code": "en",
			"value": "us"
		},
		{
			"code": "fr"
		},
		{
			"code": "es"
		},
		{
			"code": "it"
		},
		{
			"code": "All"
		}
	],
	"languageSelectType": "single"
}
