[
	{
		"type": "title"
	},
	{
		"type": "author"
	},
	{
		"type": "select",
		"name": "Tình trạng",
		"options": [
			"Tất cả",
			"Đang tiến hành",
			"Tạm ngưng",
			"Hoàn thành"
		]
	},
	{
		"type": "select",
		"name": "Sắp xếp",
		"options": [
			"A-Z",
			"Z-A",
			"Mới cập nhật",
			"Truyện mới",
			"Xem nhiều",
			"Được thích nhiều"
		],
		"default": 2
	},
	{
		"type": "group",
		"name": "Thể loại",
		"filters": [
			{
				"type": "genre",
				"name": "Action",
				"id": "1",
				"canExclude": true
			},
			{
				"type": "genre",
				"name": "Adult",
				"id": "2",
				"canExclude": true
			},
			{
				"type": "genre",
				"name": "Adventure",
				"id": "3",
				"canExclude": true
			},
			{
				"type": "genre",
				"name": "Anime",
				"id": "4",
				"canExclude": true
			},
			{
				"type": "genre",
				"name": "Chuyển Sinh",
				"id": "5",
				"canExclude": true
			},
			{
				"type": "genre",
				"name": "Cổ Đại",
				"id": "6",
				"canExclude": true
			},
			{
				"type": "genre",
				"name": "Comedy",
				"id": "7",
				"canExclude": true
			},
			{
				"type": "genre",
				"name": "Comic",
				"id": "8",
				"canExclude": true
			},
			{
				"type": "genre",
				"name": "Demons",
				"id": "9",
				"canExclude": true
			},
			{
				"type": "genre",
				"name": "Detective",
				"id": "10",
				"canExclude": true
			},
			{
				"type": "genre",
				"name": "Doujinshi",
				"id": "11",
				"canExclude": true
			},
			{
				"type": "genre",
				"name": "Drama",
				"id": "12",
				"canExclude": true
			},
			{
				"type": "genre",
				"name": "Đam Mỹ",
				"id": "13",
				"canExclude": true
			},
			{
				"type": "genre",
				"name": "Ecchi",
				"id": "14",
				"canExclude": true
			},
			{
				"type": "genre",
				"name": "Fantasy",
				"id": "15",
				"canExclude": true
			},
			{
				"type": "genre",
				"name": "Gender Bender",
				"id": "16",
				"canExclude": true
			},
			{
				"type": "genre",
				"name": "Harem",
				"id": "17",
				"canExclude": true
			},
			{
				"type": "genre",
				"name": "Historical",
				"id": "18",
				"canExclude": true
			},
			{
				"type": "genre",
				"name": "Horror",
				"id": "19",
				"canExclude": true
			},
			{
				"type": "genre",
				"name": "Huyền Huyễn",
				"id": "20",
				"canExclude": true
			},
			{
				"type": "genre",
				"name": "Isekai",
				"id": "21",
				"canExclude": true
			},
			{
				"type": "genre",
				"name": "Josei",
				"id": "22",
				"canExclude": true
			},
			{
				"type": "genre",
				"name": "Mafia",
				"id": "23",
				"canExclude": true
			},
			{
				"type": "genre",
				"name": "Magic",
				"id": "24",
				"canExclude": true
			},
			{
				"type": "genre",
				"name": "Manhua",
				"id": "25",
				"canExclude": true
			},
			{
				"type": "genre",
				"name": "Manhwa",
				"id": "26",
				"canExclude": true
			},
			{
				"type": "genre",
				"name": "Martial Arts",
				"id": "27",
				"canExclude": true
			},
			{
				"type": "genre",
				"name": "Mature",
				"id": "28",
				"canExclude": true
			},
			{
				"type": "genre",
				"name": "Military",
				"id": "29",
				"canExclude": true
			},
			{
				"type": "genre",
				"name": "Mystery",
				"id": "30",
				"canExclude": true
			},
			{
				"type": "genre",
				"name": "Ngôn Tình",
				"id": "31",
				"canExclude": true
			},
			{
				"type": "genre",
				"name": "One shot",
				"id": "32",
				"canExclude": true
			},
			{
				"type": "genre",
				"name": "Psychological",
				"id": "33",
				"canExclude": true
			},
			{
				"type": "genre",
				"name": "Romance",
				"id": "34",
				"canExclude": true
			},
			{
				"type": "genre",
				"name": "School Life",
				"id": "35",
				"canExclude": true
			},
			{
				"type": "genre",
				"name": "Sci-fi",
				"id": "36",
				"canExclude": true
			},
			{
				"type": "genre",
				"name": "Seinen",
				"id": "37",
				"canExclude": true
			},
			{
				"type": "genre",
				"name": "Shoujo",
				"id": "38",
				"canExclude": true
			},
			{
				"type": "genre",
				"name": "Shoujo Ai",
				"id": "39",
				"canExclude": true
			},
			{
				"type": "genre",
				"name": "Shounen",
				"id": "40",
				"canExclude": true
			},
			{
				"type": "genre",
				"name": "Shounen Ai",
				"id": "41",
				"canExclude": true
			},
			{
				"type": "genre",
				"name": "Slice of life",
				"id": "42",
				"canExclude": true
			},
			{
				"type": "genre",
				"name": "Smut",
				"id": "43",
				"canExclude": true
			},
			{
				"type": "genre",
				"name": "Sports",
				"id": "44",
				"canExclude": true
			},
			{
				"type": "genre",
				"name": "Supernatural",
				"id": "45",
				"canExclude": true
			},
			{
				"type": "genre",
				"name": "Tragedy",
				"id": "46",
				"canExclude": true
			},
			{
				"type": "genre",
				"name": "Trọng Sinh",
				"id": "47",
				"canExclude": true
			},
			{
				"type": "genre",
				"name": "Truyện Màu",
				"id": "48",
				"canExclude": true
			},
			{
				"type": "genre",
				"name": "Webtoon",
				"id": "49",
				"canExclude": true
			},
			{
				"type": "genre",
				"name": "Xuyên Không",
				"id": "50",
				"canExclude": true
			},
			{
				"type": "genre",
				"name": "Yaoi",
				"id": "51",
				"canExclude": true
			},
			{
				"type": "genre",
				"name": "Yuri",
				"id": "52",
				"canExclude": true
			},
			{
				"type": "genre",
				"name": "Mecha",
				"id": "53",
				"canExclude": true
			},
			{
				"type": "genre",
				"name": "Cooking",
				"id": "54",
				"canExclude": true
			},
			{
				"type": "genre",
				"name": "Trùng Sinh",
				"id": "55",
				"canExclude": true
			},
			{
				"type": "genre",
				"name": "Gourmet",
				"id": "56",
				"canExclude": true
			}
		]
	}
]
