[
	{
		"type": "title"
	},
	{
		"type": "group",
		"name": "Type",
		"filters": [
			{
				"type": "check",
				"id": "Manga",
				"name": "Manga"
			},
			{
				"type": "check",
				"id": "Manhwa",
				"name": "Manhwa"
			},
			{
				"type": "check",
				"id": "Manhua",
				"name": "Manhua"
			},
			{
				"type": "check",
				"id": "Comic",
				"name": "Comic"
			},
			{
				"type": "genre",
				"id": "Adult",
				"name": "Adult Content"
			}
		]
	},
	{
		"type": "group",
		"name": "Genres",
		"filters": [
			{
				"type": "genre",
				"id": "GEN41",
				"name": "4-Koma",
				"canExclude": false
			},
			{
				"type": "genre",
				"id": "GEN26",
				"name": "Action",
				"canExclude": false
			},
			{
				"type": "genre",
				"id": "GEN1",
				"name": "Adult",
				"canExclude": false
			},
			{
				"type": "genre",
				"id": "GEN12",
				"name": "Adventure",
				"canExclude": false
			},
			{
				"type": "genre",
				"id": "GEN25",
				"name": "Comedy",
				"canExclude": false
			},
			{
				"type": "genre",
				"id": "GEN42",
				"name": "Cooking",
				"canExclude": false
			},
			{
				"type": "genre",
				"id": "GEN24",
				"name": "Dark Fantansy",
				"canExclude": false
			},
			{
				"type": "genre",
				"id": "GEN13",
				"name": "Drama",
				"canExclude": false
			},
			{
				"type": "genre",
				"id": "GEN14",
				"name": "Ecchi",
				"canExclude": false
			},
			{
				"type": "genre",
				"id": "GEN2",
				"name": "Fantasy",
				"canExclude": false
			},
			{
				"type": "genre",
				"id": "GEN37",
				"name": "Gender Bender",
				"canExclude": false
			},
			{
				"type": "genre",
				"id": "GEN15",
				"name": "Harem",
				"canExclude": false
			},
			{
				"type": "genre",
				"id": "GEN36",
				"name": "Historical",
				"canExclude": false
			},
			{
				"type": "genre",
				"id": "GEN16",
				"name": "Horror",
				"canExclude": false
			},
			{
				"type": "genre",
				"id": "GEN40",
				"name": "Isekai/Tensei",
				"canExclude": false
			},
			{
				"type": "genre",
				"id": "GEN39",
				"name": "Josei",
				"canExclude": false
			},
			{
				"type": "genre",
				"id": "GEN3",
				"name": "Magic",
				"canExclude": false
			},
			{
				"type": "genre",
				"id": "GEN38",
				"name": "Martial Art",
				"canExclude": false
			},
			{
				"type": "genre",
				"id": "GEN48",
				"name": "Mature",
				"canExclude": false
			},
			{
				"type": "genre",
				"id": "GEN9",
				"name": "Mecha",
				"canExclude": false
			},
			{
				"type": "genre",
				"id": "GEN46",
				"name": "Music",
				"canExclude": false
			},
			{
				"type": "genre",
				"id": "GEN4",
				"name": "Mystery",
				"canExclude": false
			},
			{
				"type": "genre",
				"id": "GEN49",
				"name": "Office workers",
				"canExclude": false
			},
			{
				"type": "genre",
				"id": "GEN17",
				"name": "Oneshot",
				"canExclude": false
			},
			{
				"type": "genre",
				"id": "GEN18",
				"name": "Psychological",
				"canExclude": false
			},
			{
				"type": "genre",
				"id": "GEN47",
				"name": "Reverse harem",
				"canExclude": false
			},
			{
				"type": "genre",
				"id": "GEN28",
				"name": "Romance",
				"canExclude": false
			},
			{
				"type": "genre",
				"id": "GEN10",
				"name": "Sci-Fi",
				"canExclude": false
			},
			{
				"type": "genre",
				"id": "GEN11",
				"name": "School Life",
				"canExclude": false
			},
			{
				"type": "genre",
				"id": "GEN5",
				"name": "Seinen",
				"canExclude": false
			},
			{
				"type": "genre",
				"id": "GEN34",
				"name": "Shoujo",
				"canExclude": false
			},
			{
				"type": "genre",
				"id": "GEN33",
				"name": "Shoujo Ai",
				"canExclude": false
			},
			{
				"type": "genre",
				"id": "GEN29",
				"name": "Shounen",
				"canExclude": false
			},
			{
				"type": "genre",
				"id": "GEN43",
				"name": "Shounen Ai",
				"canExclude": false
			},
			{
				"type": "genre",
				"id": "GEN35",
				"name": "Slice of life",
				"canExclude": false
			},
			{
				"type": "genre",
				"id": "GEN6",
				"name": "Smut",
				"canExclude": false
			},
			{
				"type": "genre",
				"id": "GEN19",
				"name": "Sports",
				"canExclude": false
			},
			{
				"type": "genre",
				"id": "GEN30",
				"name": "Super Natural",
				"canExclude": false
			},
			{
				"type": "genre",
				"id": "GEN20",
				"name": "Tragedy",
				"canExclude": false
			},
			{
				"type": "genre",
				"id": "GEN44",
				"name": "Trap/Cross-dressing",
				"canExclude": false
			},
			{
				"type": "genre",
				"id": "GEN45",
				"name": "VnComic",
				"canExclude": false
			},
			{
				"type": "genre",
				"id": "GEN31",
				"name": "Webtoon",
				"canExclude": false
			},
			{
				"type": "genre",
				"id": "GEN27",
				"name": "Yaoi",
				"canExclude": false
			},
			{
				"type": "genre",
				"id": "GEN32",
				"name": "Yuri",
				"canExclude": false
			}
		]
	}
]
