[
	{
		"type": "title"
	},
	{
		"type": "author"
	},
	{
		"type": "group",
		"name": "Original language",
		"filters": [
			{
				"type": "check",
				"name": "Japanese (Manga)",
				"id": "&originalLanguage[]=ja",
				"canExclude": true
			},
			{
				"type": "check",
				"name": "Chinese (Manhua)",
				"id": "&originalLanguage[]=zh&originalLanguage[]=zh-hk",
				"canExclude": true
			},
			{
				"type": "check",
				"name": "Korean (Manhwa)",
				"id": "&originalLanguage[]=ko",
				"canExclude": true
			}
		]
	},
	{
		"type": "group",
		"name": "Demographic",
		"filters": [
			{
				"type": "check",
				"name": "None",
				"id": "&publicationDemographic[]=none"
			},
			{
				"type": "check",
				"name": "Shounen",
				"id": "&publicationDemographic[]=shounen"
			},
			{
				"type": "check",
				"name": "Shoujo",
				"id": "&publicationDemographic[]=shoujo"
			},
			{
				"type": "check",
				"name": "Seinen",
				"id": "&publicationDemographic[]=seinen"
			},
			{
				"type": "check",
				"name": "Josei",
				"id": "&publicationDemographic[]=josei"
			}
		]
	},
	{
		"type": "group",
		"name": "Content rating",
		"filters": [
			{
				"type": "check",
				"name": "Safe",
				"id": "&contentRating[]=safe",
				"default": true
			},
			{
				"type": "check",
				"name": "Suggestive",
				"id": "&contentRating[]=suggestive",
				"default": true
			},
			{
				"type": "check",
				"name": "Erotica",
				"id": "&contentRating[]=erotica"
			},
			{
				"type": "check",
				"name": "Pornographic",
				"id": "&contentRating[]=pornographic"
			}
		]
	},
	{
		"type": "group",
		"name": "Status",
		"filters": [
			{
				"type": "check",
				"name": "Ongoing",
				"id": "&status[]=ongoing"
			},
			{
				"type": "check",
				"name": "Completed",
				"id": "&status[]=completed"
			},
			{
				"type": "check",
				"name": "Hiatus",
				"id": "&status[]=hiatus"
			},
			{
				"type": "check",
				"name": "Cancelled",
				"id": "&status[]=cancelled"
			}
		]
	},
	{
		"type": "sort",
		"name": "Sort",
		"canAscend": true,
		"options": [
			"Latest Chapter",
			"Relevance",
			"Follows",
			"Created Date",
			"Last Updated",
			"Title"
		],
		"default": {
			"index": 0,
			"ascending": false
		}
	},
	{
		"type": "group",
		"name": "Contents",
		"filters": [
			{
				"type": "genre",
				"name": "Gore",
				"id": "b29d6a3d-1569-4e7a-8caf-7557bc92cd5d",
				"canExclude": true
			},
			{
				"type": "genre",
				"name": "Sexual Violence",
				"id": "97893a4c-12af-4dac-b6be-0dffb353568e",
				"canExclude": true
			}
		]
	},
	{
		"type": "group",
		"name": "Formats",
		"filters": [
			{
				"type": "genre",
				"name": "4-Koma",
				"id": "b11fda93-8f1d-4bef-b2ed-8803d3733170",
				"canExclude": true
			},
			{
				"type": "genre",
				"name": "Adaptation",
				"id": "f4122d1c-3b44-44d0-9936-ff7502c39ad3",
				"canExclude": true
			},
			{
				"type": "genre",
				"name": "Anthology",
				"id": "51d83883-4103-437c-b4b1-731cb73d786c",
				"canExclude": true
			},
			{
				"type": "genre",
				"name": "Award Winning",
				"id": "0a39b5a1-b235-4886-a747-1d05d216532d",
				"canExclude": true
			},
			{
				"type": "genre",
				"name": "Doujinshi",
				"id": "b13b2a48-c720-44a9-9c77-39c9979373fb",
				"canExclude": true
			},
			{
				"type": "genre",
				"name": "Fan Colored",
				"id": "7b2ce280-79ef-4c09-9b58-12b7c23a9b78",
				"canExclude": true
			},
			{
				"type": "genre",
				"name": "Full Color",
				"id": "f5ba408b-0e7a-484d-8d49-4e9125ac96de",
				"canExclude": true
			},
			{
				"type": "genre",
				"name": "Long Strip",
				"id": "3e2b8dae-350e-4ab8-a8ce-016e844b9f0d",
				"canExclude": true
			},
			{
				"type": "genre",
				"name": "Official Colored",
				"id": "320831a8-4026-470b-94f6-8353740e6f04",
				"canExclude": true
			},
			{
				"type": "genre",
				"name": "Oneshot",
				"id": "0234a31e-a729-4e28-9d6a-3f87c4966b9e",
				"canExclude": true
			},
			{
				"type": "genre",
				"name": "User Created",
				"id": "891cf039-b895-47f0-9229-bef4c96eccd4",
				"canExclude": true
			},
			{
				"type": "genre",
				"name": "Web Comic",
				"id": "e197df38-d0e7-43b5-9b09-2842d0c326dd",
				"canExclude": true
			}
		]
	},
	{
		"type": "group",
		"name": "Genres",
		"filters": [
			{
				"type": "genre",
				"name": "Action",
				"id": "391b0423-d847-456f-aff0-8b0cfc03066b",
				"canExclude": true
			},
			{
				"type": "genre",
				"name": "Adventure",
				"id": "87cc87cd-a395-47af-b27a-93258283bbc6",
				"canExclude": true
			},
			{
				"type": "genre",
				"name": "Boys' Love",
				"id": "5920b825-4181-4a17-beeb-9918b0ff7a30",
				"canExclude": true
			},
			{
				"type": "genre",
				"name": "Comedy",
				"id": "4d32cc48-9f00-4cca-9b5a-a839f0764984",
				"canExclude": true
			},
			{
				"type": "genre",
				"name": "Crime",
				"id": "5ca48985-9a9d-4bd8-be29-80dc0303db72",
				"canExclude": true
			},
			{
				"type": "genre",
				"name": "Drama",
				"id": "b9af3a63-f058-46de-a9a0-e0c13906197a",
				"canExclude": true
			},
			{
				"type": "genre",
				"name": "Fantasy",
				"id": "cdc58593-87dd-415e-bbc0-2ec27bf404cc",
				"canExclude": true
			},
			{
				"type": "genre",
				"name": "Girls' Love",
				"id": "a3c67850-4684-404e-9b7f-c69850ee5da6",
				"canExclude": true
			},
			{
				"type": "genre",
				"name": "Historical",
				"id": "33771934-028e-4cb3-8744-691e866a923e",
				"canExclude": true
			},
			{
				"type": "genre",
				"name": "Horror",
				"id": "cdad7e68-1419-41dd-bdce-27753074a640",
				"canExclude": true
			},
			{
				"type": "genre",
				"name": "Isekai",
				"id": "ace04997-f6bd-436e-b261-779182193d3d",
				"canExclude": true
			},
			{
				"type": "genre",
				"name": "Magical Girls",
				"id": "81c836c9-914a-4eca-981a-560dad663e73",
				"canExclude": true
			},
			{
				"type": "genre",
				"name": "Mecha",
				"id": "50880a9d-5440-4732-9afb-8f457127e836",
				"canExclude": true
			},
			{
				"type": "genre",
				"name": "Medical",
				"id": "c8cbe35b-1b2b-4a3f-9c37-db84c4514856",
				"canExclude": true
			},
			{
				"type": "genre",
				"name": "Mystery",
				"id": "ee968100-4191-4968-93d3-f82d72be7e46",
				"canExclude": true
			},
			{
				"type": "genre",
				"name": "Philosophical",
				"id": "b1e97889-25b4-4258-b28b-cd7f4d28ea9b",
				"canExclude": true
			},
			{
				"type": "genre",
				"name": "Psychological",
				"id": "3b60b75c-a2d7-4860-ab56-05f391bb889c",
				"canExclude": true
			},
			{
				"type": "genre",
				"name": "Romance",
				"id": "423e2eae-a7a2-4a8b-ac03-a8351462d71d",
				"canExclude": true
			},
			{
				"type": "genre",
				"name": "Sci-Fi",
				"id": "256c8bd9-4904-4360-bf4f-508a76d67183",
				"canExclude": true
			},
			{
				"type": "genre",
				"name": "Slice of Life",
				"id": "e5301a23-ebd9-49dd-a0cb-2add944c7fe9",
				"canExclude": true
			},
			{
				"type": "genre",
				"name": "Sports",
				"id": "69964a64-2f90-4d33-beeb-f3ed2875eb4c",
				"canExclude": true
			},
			{
				"type": "genre",
				"name": "Superhero",
				"id": "7064a261-a137-4d3a-8848-2d385de3a99c",
				"canExclude": true
			},
			{
				"type": "genre",
				"name": "Thriller",
				"id": "07251805-a27e-4d59-b488-f0bfbec15168",
				"canExclude": true
			},
			{
				"type": "genre",
				"name": "Tragedy",
				"id": "f8f62932-27da-4fe4-8ee1-6779a8c5edba",
				"canExclude": true
			},
			{
				"type": "genre",
				"name": "Wuxia",
				"id": "acc803a4-c95a-4c22-86fc-eb6b582d82a2",
				"canExclude": true
			}
		]
	},
	{
		"type": "group",
		"name": "Themes",
		"filters": [
			{
				"type": "genre",
				"name": "Aliens",
				"id": "e64f6742-c834-471d-8d72-dd51fc02b835",
				"canExclude": true
			},
			{
				"type": "genre",
				"name": "Animals",
				"id": "3de8c75d-8ee3-48ff-98ee-e20a65c86451",
				"canExclude": true
			},
			{
				"type": "genre",
				"name": "Cooking",
				"id": "ea2bc92d-1c26-4930-9b7c-d5c0dc1b6869",
				"canExclude": true
			},
			{
				"type": "genre",
				"name": "Crossdressing",
				"id": "9ab53f92-3eed-4e9b-903a-917c86035ee3",
				"canExclude": true
			},
			{
				"type": "genre",
				"name": "Delinquents",
				"id": "da2d50ca-3018-4cc0-ac7a-6b7d472a29ea",
				"canExclude": true
			},
			{
				"type": "genre",
				"name": "Demons",
				"id": "39730448-9a5f-48a2-85b0-a70db87b1233",
				"canExclude": true
			},
			{
				"type": "genre",
				"name": "Genderswap",
				"id": "2bd2e8d0-f146-434a-9b51-fc9ff2c5fe6a",
				"canExclude": true
			},
			{
				"type": "genre",
				"name": "Ghosts",
				"id": "3bb26d85-09d5-4d2e-880c-c34b974339e9",
				"canExclude": true
			},
			{
				"type": "genre",
				"name": "Gyaru",
				"id": "fad12b5e-68ba-460e-b933-9ae8318f5b65",
				"canExclude": true
			},
			{
				"type": "genre",
				"name": "Harem",
				"id": "aafb99c1-7f60-43fa-b75f-fc9502ce29c7",
				"canExclude": true
			},
			{
				"type": "genre",
				"name": "Incest",
				"id": "5bd0e105-4481-44ca-b6e7-7544da56b1a3",
				"canExclude": true
			},
			{
				"type": "genre",
				"name": "Loli",
				"id": "2d1f5d56-a1e5-4d0d-a961-2193588b08ec",
				"canExclude": true
			},
			{
				"type": "genre",
				"name": "Mafia",
				"id": "85daba54-a71c-4554-8a28-9901a8b0afad",
				"canExclude": true
			},
			{
				"type": "genre",
				"name": "Magic",
				"id": "a1f53773-c69a-4ce5-8cab-fffcd90b1565",
				"canExclude": true
			},
			{
				"type": "genre",
				"name": "Martial Arts",
				"id": "799c202e-7daa-44eb-9cf7-8a3c0441531e",
				"canExclude": true
			},
			{
				"type": "genre",
				"name": "Military",
				"id": "ac72833b-c4e9-4878-b9db-6c8a4a99444a",
				"canExclude": true
			},
			{
				"type": "genre",
				"name": "Monster Girls",
				"id": "dd1f77c5-dea9-4e2b-97ae-224af09caf99",
				"canExclude": true
			},
			{
				"type": "genre",
				"name": "Monsters",
				"id": "36fd93ea-e8b8-445e-b836-358f02b3d33d",
				"canExclude": true
			},
			{
				"type": "genre",
				"name": "Music",
				"id": "f42fbf9e-188a-447b-9fdc-f19dc1e4d685",
				"canExclude": true
			},
			{
				"type": "genre",
				"name": "Ninja",
				"id": "489dd859-9b61-4c37-af75-5b18e88daafc",
				"canExclude": true
			},
			{
				"type": "genre",
				"name": "Office Workers",
				"id": "92d6d951-ca5e-429c-ac78-451071cbf064",
				"canExclude": true
			},
			{
				"type": "genre",
				"name": "Police",
				"id": "df33b754-73a3-4c54-80e6-1a74a8058539",
				"canExclude": true
			},
			{
				"type": "genre",
				"name": "Post-Apocalyptic",
				"id": "9467335a-1b83-4497-9231-765337a00b96",
				"canExclude": true
			},
			{
				"type": "genre",
				"name": "Reincarnation",
				"id": "0bc90acb-ccc1-44ca-a34a-b9f3a73259d0",
				"canExclude": true
			},
			{
				"type": "genre",
				"name": "Reverse Harem",
				"id": "65761a2a-415e-47f3-bef2-a9dababba7a6",
				"canExclude": true
			},
			{
				"type": "genre",
				"name": "Samurai",
				"id": "81183756-1453-4c81-aa9e-f6e1b63be016",
				"canExclude": true
			},
			{
				"type": "genre",
				"name": "School Life",
				"id": "caaa44eb-cd40-4177-b930-79d3ef2afe87",
				"canExclude": true
			},
			{
				"type": "genre",
				"name": "Shota",
				"id": "ddefd648-5140-4e5f-ba18-4eca4071d19b",
				"canExclude": true
			},
			{
				"type": "genre",
				"name": "Supernatural",
				"id": "eabc5b4c-6aff-42f3-b657-3e90cbd00b75",
				"canExclude": true
			},
			{
				"type": "genre",
				"name": "Survival",
				"id": "5fff9cde-849c-4d78-aab0-0d52b2ee1d25",
				"canExclude": true
			},
			{
				"type": "genre",
				"name": "Time Travel",
				"id": "292e862b-2d17-4062-90a2-0356caa4ae27",
				"canExclude": true
			},
			{
				"type": "genre",
				"name": "Traditional Games",
				"id": "31932a7e-5b8e-49a6-9f12-2afa39dc544c",
				"canExclude": true
			},
			{
				"type": "genre",
				"name": "Vampires",
				"id": "d7d1730f-6eb0-4ba6-9437-602cac38664c",
				"canExclude": true
			},
			{
				"type": "genre",
				"name": "Video Games",
				"id": "9438db5a-7e2a-4ac0-b39e-e0d95a34b8a8",
				"canExclude": true
			},
			{
				"type": "genre",
				"name": "Villainess",
				"id": "d14322ac-4d6f-4e9b-afd9-629d5f4d8a41",
				"canExclude": true
			},
			{
				"type": "genre",
				"name": "Virtual Reality",
				"id": "8c86611e-fab7-4986-9dec-d1a2f44acdd5",
				"canExclude": true
			},
			{
				"type": "genre",
				"name": "Zombies",
				"id": "631ef465-9aba-4afb-b0fc-ea10efe274a8",
				"canExclude": true
			}
		]
	},
	{
		"type": "select",
		"name": "Included tags mode",
		"options": [
			"AND",
			"OR"
		]
	},
	{
		"type": "select",
		"name": "Excluded tags mode",
		"options": [
			"AND",
			"OR"
		],
		"default": 1
	},
	{
		"type": "check",
		"name": "Has available chapters",
		"default": true
	}
]
