[
	{
		"type": "title"
	},
	{
		"type": "select",
		"name": "Truyện 18+",
		"options": [
			"Tất cả",
			"Không truyện 18+",
			"Chỉ truyện 18+"
		]
	},
	{
		"type": "group",
		"name": "Trạng thái",
		"filters": [
			{
				"type": "check",
				"name": "Đang tiến hành"
			},
			{
				"type": "check",
				"name": "Tạm ngưng/Ngang raw"
			},
			{
				"type": "check",
				"name": "Đã bị huỷ/Ngừng dịch"
			},
			{
				"type": "check",
				"name": "Đã hoàn thành"
			}
		]
	},
	{
		"type": "select",
		"name": "Điều kiện lọc thể loại",
		"options": [
			"HOẶC (có một trong các thể loại đã chọn)",
			"VÀ (có tất cả thể loại đã chọn)"
		]
	},
	{
		"type": "group",
		"name": "Thể loại",
		"filters": [
			{
				"type": "genre",
				"name": "Action",
				"id": "action"
			},
			{
				"type": "genre",
				"name": "Adventure",
				"id": "adventure"
			},
			{
				"type": "genre",
				"name": "Boylove",
				"id": "boylove"
			},
			{
				"type": "genre",
				"name": "Cổ Đại",
				"id": "co-dai"
			},
			{
				"type": "genre",
				"name": "Comedy",
				"id": "comedy"
			},
			{
				"type": "genre",
				"name": "Drama",
				"id": "drama"
			},
			{
				"type": "genre",
				"name": "Đam Mỹ",
				"id": "dam-my"
			},
			{
				"type": "genre",
				"name": "Fantasy",
				"id": "fantasy"
			},
			{
				"type": "genre",
				"name": "Girl love",
				"id": "girl-love"
			},
			{
				"type": "genre",
				"name": "Hài hước",
				"id": "hai-huoc"
			},
			{
				"type": "genre",
				"name": "Hiện Đại",
				"id": "hien-dai"
			},
			{
				"type": "genre",
				"name": "Kinh dị",
				"id": "kinh-di"
			},
			{
				"type": "genre",
				"name": "Manga",
				"id": "manga"
			},
			{
				"type": "genre",
				"name": "Manhua",
				"id": "manhua"
			},
			{
				"type": "genre",
				"name": "Manhwa",
				"id": "manhwa"
			},
			{
				"type": "genre",
				"name": "Ngôn Tình",
				"id": "ngon-tinh"
			},
			{
				"type": "genre",
				"name": "Nữ Cường",
				"id": "nu-cuong"
			},
			{
				"type": "genre",
				"name": "Romance",
				"id": "romance"
			},
			{
				"type": "genre",
				"name": "Shounen",
				"id": "shounen"
			},
			{
				"type": "genre",
				"name": "Tâm lý",
				"id": "tam-ly"
			},
			{
				"type": "genre",
				"name": "Trọng sinh",
				"id": "trong-sinh"
			},
			{
				"type": "genre",
				"name": "Truyện 18+",
				"id": "truyen-18"
			},
			{
				"type": "genre",
				"name": "Webtoon",
				"id": "webtoon"
			},
			{
				"type": "genre",
				"name": "Webtoons",
				"id": "webtoons"
			},
			{
				"type": "genre",
				"name": "Xuyên không",
				"id": "xuyen-khong"
			}
		]
	}
]
